epoch,loss,val_loss
1,1.7857911586761475,12.933568954467773
2,0.07877473533153534,12.422019958496094
3,0.04993320256471634,14.291694641113281
4,0.03821893408894539,14.840154647827148
5,0.03312249854207039,14.533612251281738
6,0.029742036014795303,14.622517585754395
7,0.02821696177124977,13.78735637664795
