{"condition_1": [0.007195022888481617, 0.05999553203582764, 0.05910240858793259], "condition_2": [0.011598721146583557, 0.009693322703242302, 0.10721157491207123], "condition_3": [0.12375954538583755, 0.003719111206009984, 0.3515942394733429], "condition_4": [0.015681512653827667, 0.0047616190277040005, 0.12419117242097855], "condition_5": [0.15599745512008667, 0.012059014290571213, 0.394755482673645], "condition_6": [0.0045956801623106, 0.008955292403697968, 0.06546173244714737], "condition_7": [0.007968129590153694, 0.08592730015516281, 0.016656428575515747], "condition_8": [0.012291423976421356, 0.09523645788431168, 0.05450475215911865], "condition_9": [0.08433136343955994, 0.021601546555757523, 0.2895442247390747], "condition_10": [0.02352067083120346, 0.028851570561528206, 0.15046466886997223], "condition_11": [0.021928610280156136, 0.024398215115070343, 0.14604774117469788], "condition_12": [0.013285160064697266, 0.017167577520012856, 0.11386817693710327], "condition_13": [0.010750475339591503, 0.03306283801794052, 0.09756524860858917], "condition_14": [0.005320883821696043, 0.06849643588066101, 0.023525163531303406], "condition_15": [0.0026902942918241024, 0.005907014943659306, 0.0512266606092453], "condition_16": [0.0064641982316970825, 0.0021742661483585835, 0.08004442602396011], "condition_17": [0.005186246242374182, 0.04877883940935135, 0.05294184386730194], "condition_18": [0.009881765581667423, 0.08469706028699875, 0.05070492625236511], "condition_19": [0.01625927910208702, 0.008022932335734367, 0.12721402943134308], "condition_20": [0.00666840560734272, 0.07830024510622025, 0.02217692881822586], "condition_21": [0.007548136170953512, 0.06404925137758255, 0.058644849807024], "condition_22": [0.02371544949710369, 0.09476950019598007, 0.12062209099531174], "condition_23": [0.037318672984838486, 0.07521281391382217, 0.17786180973052979]}