{"combined_loss": 2.8664251772170246e-07, "madrs2_loss": 0.000373038521502167, "deltamadrs_loss": 0.00020602505537681282}